<beans xmlns:xsi="http://www.w3.org/2001/XMLSchema-instance"
       xmlns:mvc="http://www.springframework.org/schema/mvc"
       xmlns="http://www.springframework.org/schema/beans"
       xsi:schemaLocation="http://www.springframework.org/schema/mvc 
       http://www.springframework.org/schema/mvc/spring-mvc.xsd http://www.springframework.org/schema/beans
 		http://www.springframework.org/schema/beans/spring-beans.xsd">

    <mvc:annotation-driven/>
    <!-- **************************************************************** -->
    <!--  THYMELEAF-SPECIFIC ARTIFACTS                                    -->
    <!--  TemplateResolver <- TemplateEngine <- ViewResolver              -->
    <!-- **************************************************************** -->

    <bean id="templateResolver"
          class="org.thymeleaf.templateresolver.ServletContextTemplateResolver">
        <property name="prefix" value="/WEB-INF/views/" />
        <property name="suffix" value=".html" />
        <property name="templateMode" value="HTML5" />
        <property name="cacheable" value="false" />
        <property name="characterEncoding" value="UTF-8"/>
    </bean>

   <!--  <bean id="templateEngine"
          class="org.thymeleaf.spring3.SpringTemplateEngine">
        <property name="templateResolver" ref="templateResolver" />
    </bean> -->

    <bean class="org.thymeleaf.spring3.view.ThymeleafViewResolver">
        <property name="templateEngine" ref="templateEngine" />
        <property name="characterEncoding" value="UTF-8"/>
    </bean>
    
    <bean id="templateEngine" class="org.thymeleaf.spring3.SpringTemplateEngine">
	    <property name="additionalDialects">
	        <set>
	            <bean class="nz.net.ultraq.thymeleaf.LayoutDialect"/>
	        </set>
	    </property>
	    <property name="templateResolver" ref="templateResolver" />
	</bean>

     <bean class="com.itphutran.constant.Defines" id="defines"></bean>
	
</beans>